_id|isPb|wpm|acc|rawWpm|consistency|charStats|mode|mode2|quoteLength|restartCount|testDuration|afkDuration|incompleteTestSeconds|punctuation|numbers|language|funbox|difficulty|lazyMode|blindMode|bailedOut|tags|timestamp
65b3448311c8b786c0ddc071||91.92|91.11|107.11|71.31|115,7,1,0|time|15|-1|23|15.01|0|76.78|false|false|english|none|normal|false|false|false||1706247299000
65b3440111c8b786c0ddbc73||99.1|94.16|108.69|78.52|124,5,0,1|time|15|-1|11|15.02|0|37.02|false|false|english|none|normal|false|false|false||1706247169000
65b343ba11c8b786c0ddba3d||103.15|95.65|109.54|83.07|129,2,0,5|time|15|-1|1|15.01|0|2.87|false|false|english|none|normal|false|false|false||1706247098000
65b3439b11c8b786c0ddb948||107.98|96.17|112.38|80.41|270,4,0,1|time|30|-1|2|30.01|0|1.19|false|false|english|none|normal|false|false|false||1706247067000
65a6b0b8908c90eb441f27b6||98.38|94.05|103.98|76.7|246,6,0,2|time|30|-1|10|30.01|0|88.28|false|false|english|none|normal|false|false|false||1705423032000
65a6b030908c90eb441f201a||105.19|96.81|112.39|81.86|263,4,1,2|time|30|-1|5|30|0|22.34|false|false|english|none|normal|false|false|false||1705422896000
65a6af43908c90eb441f12e8||106.34|95.74|111.13|76.76|133,3,0,1|time|15|-1|2|15.01|0|2.38|false|false|english|none|normal|false|false|false||1705422659000
65a6af2c908c90eb441f1199||102.36|99.22|102.36|73.9|128,0,0,0|time|15|-1|7|15.01|0|19.28|false|false|english|none|normal|false|false|false||1705422636000
65a6aeef908c90eb441f0e4a||103.17|95.62|108.77|83.1|129,3,0,1|time|15|-1|9|15|0|57.23|false|false|english|none|normal|false|false|false||1705422575000
65a6ae93908c90eb441f0944||111.17|94.04|119.97|79.98|139,4,2,0|time|15|-1|0|15|0|0|false|false|english|none|normal|false|false|false||1705422483000
65a6ae82908c90eb441f085b||101.59|95.52|106.39|78.58|127,3,1,0|time|15|-1|0|15|0|0|false|false|english|none|normal|false|false|false||1705422466000
65a6ae70908c90eb441f0765||107.13|95.8|114.33|83.36|134,4,1,0|time|15|-1|2|15.01|0|16.22|false|false|english|none|normal|false|false|false||1705422448000
65a6ae37908c90eb441f0491||108.74|98.55|108.74|84.03|136,0,0,0|time|15|-1|7|15.01|0|47.55|false|false|english|none|normal|false|false|false||1705422391000
65a03ca6f8d3bd59510f08e1||96.71|94.16|107.9|69.07|121,4,0,1|time|15|-1|3|15.01|0|12.79|false|false|english|none|normal|false|false|false||1705000089000
65a03c6ef8d3bd59510f06a8||103.14|97.73|104.73|80.89|129,1,0,1|time|15|-1|3|15.01|0|10.75|false|false|english|none|normal|false|false|false||1705000046000
65a03c48f8d3bd59510f044c||104.69|98.5|105.49|78.65|131,1,0,0|time|15|-1|1|15.02|0|2.22|false|false|english|none|normal|false|false|false||1705000007000
65a03c2df8d3bd59510f02a5||112.75|99.3|112.75|81.96|141,0,0,0|time|15|-1|20|15.01|0|58.06|false|false|english|none|normal|false|false|false||1704999981000
65a03b9df8d3bd59510efa3c||115.15|100|115.15|83.51|144,0,0,0|time|15|-1|21|15.01|0|86.82|false|false|english|none|normal|false|false|false||1704999837000
65a03b0af8d3bd59510ef1c8||110.39|97.9|110.39|75.22|138,0,0,0|time|15|-1|6|15|0|41.37|false|false|english|none|normal|false|false|false||1704999690000
65a03ac7f8d3bd59510eedf0||103.96|97.74|103.96|77.12|130,0,0,0|time|15|-1|9|15.01|0|55.65|false|false|english|none|normal|false|false|false||1704999623000
65a03a73f8d3bd59510ee95e||90.36|90|111.15|75.67|113,6,3,1|time|15|-1|7|15.01|0|29.78|false|false|english|none|normal|false|false|false||1704999539000
65a03a2af8d3bd59510ee56a||111.96|99.29|111.96|82.28|140,0,0,0|time|15|-1|13|15.01|0|34.86|false|false|english|none|normal|false|false|false||1704999466000
65a038d3f8d3bd59510ed23f||69.55|95.6|69.55|71.47|87,0,0,0|time|15|-1|1|15.01|0|5.93|false|false|swedish|none|normal|false|false|false||1704999123000
65a038bbf8d3bd59510ed0d4||66.36|95.6|71.16|71.47|83,1,0,0|time|15|-1|0|15.01|0|0|false|false|swedish|none|normal|false|false|false||1704999099000
65a038aaf8d3bd59510ecfe7||72.73|97.85|72.73|77.81|91,0,0,0|time|15|-1|3|15.01|0|19.55|false|false|swedish|none|normal|false|false|false||1704999082000
65a03880f8d3bd59510ecd5f|true|79.98|99.02|79.98|74.14|100,0,0,0|time|15|-1|0|15|0|0|false|false|swedish|none|normal|false|false|false||1704999039000
65a0384ef8d3bd59510eca88|true|67.98|97.7|67.98|72.42|85,0,0,0|time|15|-1|0|15|0|0|false|false|swedish|none|normal|false|false|false||1704998990000
65a0383cf8d3bd59510ec98c||63.19|93.1|65.59|63.74|79,1,0,0|time|15|-1|2|15|0|13.62|false|false|swedish|none|normal|false|false|false||1704998972000
65a0381cf8d3bd59510ec7ae|true|64.77|90.22|67.97|72.16|81,1,0,0|time|15|-1|1|15.01|0|0.9|false|false|swedish|none|normal|false|false|false||1704998940000
65a037c1f8d3bd59510ec264|true|64.76|97.59|64.76|69.15|81,0,0,0|time|15|-1|2|15.01|0|13.59|false|false|swedish|none|normal|false|false|false||1704998849000
65a0371cf8d3bd59510eb94a||109.55|97.92|114.35|84.88|137,0,1,0|time|15|-1|0|15.01|0|0|false|false|english|none|normal|false|false|false||1704998684000
65a03709f8d3bd59510eb84f||103.18|99.23|103.18|74.84|129,0,0,0|time|15|-1|6|15|0|12.56|false|false|english|none|normal|false|false|false||1704998664000
65a036e2f8d3bd59510eb631||104.78|99.24|104.78|74.69|131,0,0,0|time|15|-1|14|15|0|67.96|false|false|english|none|normal|false|false|false||1704998626000
65a03678f8d3bd59510eb077||96.77|96.09|100.76|74.02|121,2,0,0|time|15|-1|1|15.01|0|6.72|false|false|english|none|normal|false|false|false||1704998520000
65a035edf8d3bd59510ea893||103.2|93.01|114.4|73.78|129,6,2,0|time|15|-1|0|15|0|0|false|false|english|none|normal|false|false|false||1704998381000
65a035dcf8d3bd59510ea7b2||94.34|88.73|112.72|80.38|118,9,2,1|time|15|-1|0|15.01|0|0|false|false|english|none|normal|false|false|false||1704998364000
65a035b3f8d3bd59510ea539||101.56|95.04|111.15|81.86|127,3,0,2|time|15|-1|1|15.01|0|0.2|false|false|english|none|normal|false|false|false||1704998323000
65a0359ff8d3bd59510ea422||99.17|92.91|111.96|80.66|124,2,5,0|time|15|-1|1|15|0|0.13|false|false|english|none|normal|false|false|false||1704998303000
65a0358cf8d3bd59510ea318||101.56|97.73|103.96|74.36|127,0,0,1|time|15|-1|0|15.01|0|0|false|false|english|none|normal|false|false|false||1704998283000
65a03577f8d3bd59510ea209||107.96|95.83|113.55|76.93|135,3,0,1|time|15|-1|1|15.01|0|0.56|false|false|english|none|normal|false|false|false||1704998263000
648bbf8e266cd87a3ab863cb||103.93|97.84|111.13|77.2|130,1,0,1|time|15|-1|48|15.01|0|92.53|false|false|english|none|normal|false|false|false||1686880142000
648bbe46266cd87a3ab1d8da||61.2|91.81|66.8|64.59|153,5,2,1|time|30|-1|0|30|0|0|false|false|swedish|none|normal|false|false|false||1686879814000
648bbd7e266cd87a3ab1d38a||98.8|93.04|108.4|78.51|247,12,1,1|time|30|-1|1|30|0|0.84|false|false|english|none|normal|false|false|false||1686879614000
64360868efc8e3ce5198530d||99.2|97.71|104|81.08|248,2,0,1|time|30|-1|0|30|0|0|false|false|english|none|normal|false|false|false||1681262696000
642e1b8ad0748fce688c4774||97.97|98.48|105.16|82.34|245,5,2,1|time|30|-1|17|30.01|0|198.84|false|false|english|none|normal|false|false|false||1680743306000
642e1a3bd0748fce688c3eee||85.17|91.29|91.17|67.15|213,7,1,0|time|30|-1|2|30.01|0|63.45|false|false|english|none|normal|false|false|false||1680742971000
64164c67fe979dd89a73860b||62.8|96.66|64.2|64.38|314,2,0,0|time|60|-1|0|60|0|0|false|false|swedish|none|normal|false|false|false||1679182951000
64164c29fe979dd89a738515||63.19|94.97|64.19|65.71|316,3,0,1|time|60|-1|1|60.01|0|58.49|false|false|swedish|none|normal|false|false|false||1679182889000
641647b6fe979dd89a6d9f6b||37.59|91.63|41.99|52.04|188,3,0,0|time|60|-1|1|60.01|0|6.95|false|false|icelandic_1k|none|normal|false|false|false||1679181750000
6416476efe979dd89a6d9e0d|true|39.6|92.38|42.4|52.43|198,3,1,0|time|60|-1|0|60|2|0|false|false|icelandic_1k|none|normal|false|false|false||1679181678000
6416472dfe979dd89a6d9cc3|true|37.39|91|38.59|43.5|187,1,0,0|time|60|-1|0|60.01|1|0|false|false|icelandic_1k|none|normal|false|false|false||1679181613000
641646eefe979dd89a6d9b7c|true|20.6|78.62|26|23.1|103,3,1,0|time|60|-1|0|60|3|0|false|false|icelandic_1k|none|normal|false|false|false||1679181550000
6416455bfe979dd89a67c36f|true|69.78|96.21|71.78|70.05|349,2,0,0|time|60|-1|0|60.02|0|0|false|false|swedish|none|normal|false|false|false||1679181147000
64164510fe979dd89a67c1d0|true|31.2|95.4|33.8|54.79|156,1,0,1|time|60|-1|0|60|1|0|false|false|swedish_diacritics|none|normal|false|false|false||1679181072000
641644c5fe979dd89a67c033|true|30|93.53|32.59|59.7|150,2,1,0|time|60|-1|3|60.01|0|70.01|false|false|swedish_diacritics|none|normal|false|false|false||1679180997000
6416441bfe979dd89a67bd0f||56.99|93.65|61.19|67.08|285,8,0,2|time|60|-1|0|60.01|0|0|false|false|swedish|none|normal|false|false|false||1679180827000
641643b1fe979dd89a67bb5b||66.19|96.51|66.19|69.15|331,0,0,0|time|60|-1|0|60.01|0|0|false|false|swedish|none|normal|false|false|false||1679180721000
6416436dfe979dd89a67ba48||61|93.95|67.4|70.37|305,6,0,1|time|60|-1|1|60|0|34.53|false|false|swedish|none|normal|false|false|false||1679180653000
6416430bfe979dd89a67b8ab||65.59|94.62|68.79|72.23|328,6,0,1|time|60|-1|0|60.01|0|0|false|false|swedish|none|normal|false|false|false||1679180555000
641642bcfe979dd89a67b741|true|67.2|97.4|68|69.25|336,2,0,1|time|60|-1|0|60|0|0|false|false|swedish|none|normal|false|false|false||1679180476000
6416423bfe979dd89a61e404||59|94.1|61.8|61.38|295,3,1,0|time|60|-1|0|60|0|0|false|false|swedish|none|normal|false|false|false||1679180347000
641641fbfe979dd89a61e2d0||54.39|92.91|55.59|62.66|272,1,0,1|time|60|-1|2|60.01|0|36.47|false|false|swedish|none|normal|false|false|false||1679180283000
63f540c8c283c730c37db487|true|59.78|98.37|60.58|66.9|299,1,0,0|time|60|-1|0|60.02|0|0|false|false|swedish|none|normal|false|false|false||1677017288000
63f54089c283c730c37db274|true|56.79|94.17|63.39|67.54|284,5,0,1|time|60|-1|0|60.01|0|0|false|false|swedish|none|normal|false|false|false||1677017225000
63f54041c283c730c37db013|true|74.78|97.45|77.57|81.58|187,2,0,0|time|30|-1|1|30.01|0|22.02|false|false|swedish|none|normal|false|false|false||1677017153000
63f54001c283c730c37daddf||58.38|96.1|59.58|61.8|146,1,0,1|time|30|-1|0|30.01|0|0|false|false|swedish|none|normal|false|false|false||1677017089000
63f53fe0c283c730c37dace8||56.78|94.7|58.38|56.07|142,2,0,1|time|30|-1|0|30.01|1|0|false|false|swedish|none|normal|false|false|false||1677017056000
63f53fa9c283c730c37dab3e||53.56|91.93|61.96|70.16|134,5,1,0|time|30|-1|0|30.02|0|0|false|false|german|none|normal|false|false|false||1677017001000
63f53f82c283c730c37daa00||59.58|98.03|59.58|61.57|149,0,0,0|time|30|-1|1|30.01|0|22.6|false|false|german|none|normal|false|false|false||1677016962000
63f53f4ac283c730c37da856||54.8|94.16|57.6|63.49|137,0,0,1|time|30|-1|0|30|0|0|false|false|german|none|normal|false|false|false||1677016906000
63f53f29c283c730c37da756|true|71.6|98.37|73.2|74.14|179,2,0,0|time|30|-1|0|30|0|0|false|false|german|none|normal|false|false|false||1677016873000
63f53f0ac283c730c37da64f||56.76|94.12|58.76|64.81|142,3,0,1|time|30|-1|1|30.02|0|2.92|false|false|german|none|normal|false|false|false||1677016842000
63f53ee4c283c730c37da4ec|true|65.58|97.04|65.58|65.26|164,0,0,0|time|30|-1|0|30.01|0|0|false|false|german|none|normal|false|false|false||1677016804000
63f53e12cd1271d9fedcfeee|true|46.78|89.71|50.78|49.57|117,4,0,1|time|30|-1|0|30.01|1|0|false|false|german|none|normal|false|false|false||1677016594000
63f53cbdcd1271d9fedcf3a1||100.8|93.66|113.2|83.93|252,11,2,1|time|30|-1|1|30|0|29.93|false|false|english|none|normal|false|false|false||1677016253000
63f53c68cd1271d9fedcf0f3||54.78|96.53|55.98|60.35|137,1,0,0|time|30|-1|0|30.01|0|0|false|false|swedish|none|normal|false|false|false||1677016168000
63f53c41cd1271d9fedcefb3||52|91.45|60|60.57|130,6,1,0|time|30|-1|0|30|0|0|false|false|swedish|none|normal|false|false|false||1677016129000
63badc4ccd6db925864bcee0||102.77|95.93|106.76|78.34|257,6,0,3|time|30|-1|2|30.01|0|9.82|false|false|english|none|normal|false|false|false||1673190476000
639cd36a3bafcbd101c50e74||107.96|98.92|109.96|76.83|270,0,0,1|time|30|-1|5|30.01|0|53.24|false|false|english|nausea|normal|false|false|false||1671222122000
6387e5226cf2de7f1411ad29||96.79|97.65|96.79|74.07|83,0,0,0|quote|4050|0|1|10.29|0|3.95|false|false|english|none|normal|false|false|false||1669850402000
6387e5106cf2de7f1411aca2||105.49|97.56|105.49|68.3|80,0,0,0|quote|5244|0|1|9.1|0|6.56|false|false|english|none|normal|false|false|false||1669850384000
6387e4fd6cf2de7f1411ac29||111.02|100|111.02|57.43|47,0,0,0|quote|42|0|5|5.08|0|26.78|false|false|english|none|normal|false|false|false||1669850365000
6387e4d26cf2de7f1411aaff||91.76|89.8|115.29|63|39,3,0,2|quote|6214|0|1|5.1|0|8.22|false|false|english|none|normal|false|false|false||1669850322000
6387e4c16cf2de7f1411aa8d||97.3|98.9|97.3|62.16|90,0,0,0|quote|43|0|4|11.1|0|6.67|false|false|english|none|normal|false|false|false||1669850305000
6387e4a66cf2de7f1411a9e1||96.7|96.63|102.52|64.09|83,0,1,0|quote|4644|0|0|10.3|0|0|false|false|english|none|normal|false|false|false||1669850278000
6387e4996cf2de7f1411a9a3||97.62|96.67|100.98|58.93|58,1,0,0|quote|6294|0|14|7.13|0|31.89|false|false|english|none|normal|false|false|false||1669850265000
6387e4546cf2de7f1411a7fa||107.14|100|107.14|92.44|70,0,0,0|quote|5177|0|3|7.84|0|3.94|false|false|english|none|normal|false|false|false||1669850196000
6387e43e6cf2de7f1411a765||122.18|100|122.18|64.31|73,0,0,0|quote|207|0|20|7.17|0|54.98|false|false|english|none|normal|false|false|false||1669850174000
637e9a2829e6b7412eed8b6e||90.5|98.33|100.56|64.73|54,0,0,1|quote|5797|0|7|7.16|0|18.09|false|false|english|none|normal|false|false|false||1669241384000
637e9a0429e6b7412eed8a68||109.77|100|109.77|56.09|74,0,0,0|quote|4506|0|5|8.09|0|14.68|false|false|english|none|normal|false|false|false||1669241348000
637e99e329e6b7412eed8980||103.99|94.05|114.94|94.95|76,3,1,0|quote|4504|0|1|8.77|0|0.42|false|false|english|none|normal|false|false|false||1669241315000
63741ed49500f305f22f0b46||104|98.86|104|78.62|260,0,0,0|time|30|-1|6|30|0|45.82|false|false|english|nausea|normal|false|false|false||1668554452000
6372f13b31bc828430e7f397||110.36|96.53|114.36|79.95|276,6,0,2|time|30|-1|3|30.01|0|3.18|false|false|english|none|normal|false|false|false||1668477243000
6372f11331bc828430e7f245||97.97|94.55|109.16|82.85|245,9,0,2|time|30|-1|19|30.01|0|174.57|false|false|english|none|normal|false|false|false||1668477203000
6364d7db11abbca9233c0900||59.6|93.33|64|70.4|149,3,0,0|time|30|-1|1|30|0|7.78|false|false|swedish|none|normal|false|false|false||1667553243000
6364d7ab11abbca9233c07c8||65.98|95|71.18|78.06|165,4,0,0|time|30|-1|0|30.01|0|0|false|false|swedish|none|normal|false|false|false||1667553195000
635c750ae04535b68aa84d73||64.36|94.38|69.15|67.46|161,2,0,1|time|30|-1|0|30.02|0|0|false|false|swedish|none|normal|false|false|false||1667003658000
635c74eae04535b68aa84cd7||66.36|92.78|69.55|76.04|166,5,0,2|time|30|-1|3|30.02|0|56.19|false|false|swedish|none|normal|false|false|false||1667003626000
635c748ce04535b68aa84b21||46.37|91.43|54.36|50.51|116,5,0,0|time|30|-1|7|30.02|0|63.5|false|false|swedish|none|normal|false|false|false||1667003532000
635c7420e04535b68aa84957|true|71.6|97.81|71.6|72.78|179,0,0,0|time|30|-1|0|30|0|0|false|false|swedish|none|normal|false|false|false||1667003424000
635c73fee04535b68aa5f9f6||67.58|96.61|68.78|72.55|169,0,0,1|time|30|-1|5|30.01|0|65.93|false|false|swedish|none|normal|false|false|false||1667003390000
635c738de04535b68aa3a87c|true|70.38|96.76|71.98|69.5|176,0,0,1|time|30|-1|0|30.01|0|0|false|false|swedish|none|normal|false|false|false||1667003277000
635c735ce04535b68aa3a793||91.22|100|91.22|73.51|58,0,0,0|quote|62|0|0|7.63|0|0|false|false|swedish|none|normal|false|false|false||1667003228000
635c7350e04535b68aa3a75a||67.75|81.03|87.33|76.36|45,8,1,1|quote|62|0|1|7.97|0|2.32|false|false|swedish|none|normal|false|false|false||1667003216000
635c732be04535b68aa3a6aa||66.67|81.03|85.93|67.2|45,8,1,1|quote|62|0|4|8.1|0|4.32|false|false|swedish|none|normal|false|false|false||1667003179000
62e69681303adee4628953d1||95.97|90.31|114.36|76.41|240,15,3,2|time|30|-1|2|30.01|0|14.54|false|false|english|none|normal|false|false|false||1659278977000
62d73863303adee46259f9dc||104|95.37|112|78.74|260,8,1,0|time|30|-1|0|30|0|0|false|false|english|none|normal|false|false|false||1658271843000
62d73843303adee46259f957||99.17|94.42|106.36|79.14|248,7,2,1|time|30|-1|17|30.01|0|96.35|false|false|english|none|normal|false|false|false||1658271811000
6271b839cd2dd5da23d0866f||111.2|94.63|119.2|87.55|139,6,0,1|time|15|-1|77|15|0|230.53|false|false|english|none|normal|false|false|false||1651619897000
6271b661cd2dd5da23c795d6|true|111.6|98.95|114|84.99|279,1,0,1|time|30|-1|0|30|0|0|false|false|english|none|normal|false|false|false||1651619425000
626f96a4cd2dd5da235f4e75|true|64|99.38|64|60.79|160,0,0,0|time|30|-1|4|30|0|51.11|false|false|swedish|none|normal|false|false|false||1651480228000
626f95cfcd2dd5da23566c20|true|61.18|97.52|64.38|64.82|153,1,1,0|time|30|-1|4|30.01|0|41.91|false|false|swedish|none|normal|false|false|false||1651480015000
626f957ccd2dd5da23566a75||49.58|95.56|53.18|44.95|124,3,0,0|time|30|-1|2|30.01|2|37|false|false|swedish|none|normal|false|false|false||1651479932000
626f9533cd2dd5da235668fe||49.2|92.41|55.6|67.47|123,3,0,0|time|30|-1|0|30|0|0|false|false|swedish|none|normal|false|false|false||1651479859000
626f9513cd2dd5da23566845|true|53.2|93.96|57.6|61.29|133,2,0,0|time|30|-1|1|30|0|0.12|false|false|swedish|none|normal|false|false|false||1651479827000
626f94f0cd2dd5da23566791|true|47.58|93.8|50.78|53.88|119,3,1,0|time|30|-1|17|30.01|0|165.76|false|false|swedish|none|normal|false|false|false||1651479792000
626f93fdcd2dd5da235662c7||59.2|93.9|64.8|77.98|74,3,0,1|time|15|-1|10|15|0|57.33|false|false|malay|none|normal|false|false|false||1651479549000
626f938ecd2dd5da2356608e|true|63.96|97.67|68.75|68.5|80,0,1,0|time|15|-1|0|15.01|0|0|false|false|malay|none|normal|false|false|false||1651479438000
626f92a1cd2dd5da234d7d99||107.13|97.87|112.72|81.86|134,2,0,1|time|15|-1|8|15.01|0|59.69|false|false|english|none|normal|false|false|false||1651479201000
626f9248cd2dd5da234d7b9f||99.13|97.73|105.53|83.82|124,2,0,0|time|15|-1|7|15.01|0|27.12|false|false|english|none|normal|false|false|false||1651479112000
626f9212cd2dd5da234d7a79||102.33|99.24|105.53|83.82|128,0,0,2|time|15|-1|0|15.01|0|0|false|false|english|none|normal|false|false|false||1651479058000
626f9201cd2dd5da234d7a11||103.93|95.1|114.32|80.9|130,3,1,2|time|15|-1|9|15.01|0|69.48|false|false|english|none|normal|false|false|false||1651479041000
626f919dcd2dd5da234d7801||107.93|97.92|115.12|83.07|135,2,0,0|time|15|-1|1|15.01|0|13.21|false|false|english|none|normal|false|false|false||1651478941000
626d48bbcd2dd5da238341b2||100.73|96.38|110.33|82.16|126,3,0,1|time|15|-1|0|15.01|0|0|false|false|english|none|normal|false|false|false||1651329211000
626d48aacd2dd5da23834143||101.46|91.16|116.64|77.58|127,9,1,1|time|15|-1|2|15.02|0|17.24|false|false|english|none|normal|false|false|false||1651329194000
626050603b23f17a32c7b97f||108.66|93.46|122.24|85.15|136,6,1,2|time|15|-1|12|15.02|0|50.8|false|false|english|none|normal|false|false|false||1650479200000
626050103b23f17a32c7b682||110.33|95.27|118.32|83.5|138,4,0,3|time|15|-1|10|15.01|0|14.16|false|false|english|none|normal|false|false|false||1650479120000
62604fe43b23f17a32c7b4ab||104|95.68|110.4|75.88|130,4,0,0|time|15|-1|2|15|0|10.04|false|false|english|none|normal|false|false|false||1650479076000
62604fc83b23f17a32c7b384||105.53|92|119.92|72.92|132,7,2,0|time|15|-1|3|15.01|0|10.35|false|false|english|none|normal|false|false|false||1650479048000
62604fa63b23f17a32c7b224||109.6|99.31|115.2|83.51|137,0,0,1|time|15|-1|52|15|0|106.36|false|false|english|none|normal|false|false|false||1650479014000
62604dbe3b23f17a32c39400|true|93.49|93.77|102.79|77.27|935,33,3,7|time|120|-1|8|120.01|0|50.84|false|false|english|none|normal|false|false|false||1650478526000
62604c743b23f17a32bee81f|true|101.71|92.36|113.1|83.98|482,23,9,2|words|100|-1|15|56.87|0|134.49|false|false|english|none|normal|false|false|false||1650478195000
62604b7f3b23f17a32bede34|true|99.77|96.83|104.38|78.46|477,5,1,3|words|100|-1|15|57.37|0|80.64|false|false|english|none|normal|false|false|false||1650477951000
626049e73b23f17a32b624dd|true|97.21|96.07|102.66|78.09|500,7,3,1|words|100|-1|4|61.72|0|31.25|false|false|english|none|normal|false|false|false||1650477543000
626048ff3b23f17a32b61abb|true|110|98.92|110|80.51|275,0,0,0|time|30|-1|3|30|0|14.88|false|false|english|none|normal|false|false|false||1650477311000
625b83b83b23f17a32e650d6||103.57|94.72|112.76|81.35|259,8,2,0|time|30|-1|31|30.01|0|196.41|false|false|english|none|normal|false|false|false||1650164664000
625b3f0c3b23f17a32393de6||96.48|89.55|123.12|73.01|105,7,2,1|words|25|-1|1|13.06|0|0.05|false|false|english|none|normal|false|false|false||1650147084000
625b3efb3b23f17a32393d9f||103.24|93.44|115.55|82.5|109,5,1,1|words|25|-1|15|12.67|0|57|false|false|english|none|normal|false|false|false||1650147067000
625b3e9b3b23f17a32393bef||114.04|97.96|127|80.21|44,0,0,1|words|10|-1|2|4.63|0|5.64|false|false|english|none|normal|false|false|false||1650146971000
625b3e8d3b23f17a32393ba9||128|100|128|84.41|48,0,0,0|words|10|-1|17|4.5|0|40.69|false|false|english|none|normal|false|false|false||1650146957000
625b3e3e3b23f17a32393a44||132.13|100|132.13|78.21|49,0,0,0|words|10|-1|3|4.45|0|9.09|false|false|english|none|normal|false|false|false||1650146878000
625b3e2b3b23f17a323939e8||123.21|100|123.21|69.72|46,0,0,0|words|10|-1|3|4.48|0|5.6|false|false|english|none|normal|false|false|false||1650146859000
625b3e193b23f17a3239398f||132.8|100|132.8|94.25|55,0,0,0|words|10|-1|8|4.97|0|20.86|false|false|english|none|normal|false|false|false||1650146841000
625b3df33b23f17a323938e1||128.48|100|128.48|89.05|50,0,0,0|words|10|-1|6|4.67|0|12.5|false|false|english|none|normal|false|false|false||1650146803000
625b3d3e3b23f17a32393591||101.53|92.41|115.12|85.05|127,5,2,1|time|15|-1|2|15.01|0|20.94|false|false|english|none|normal|false|false|false||1650146622000
625b3d163b23f17a323934da||103.93|99.24|103.93|75.1|130,0,0,0|time|15|-1|15|15.01|0|99.73|false|false|english|none|normal|false|false|false||1650146582000
625b3c8a3b23f17a32393244||100.8|94.03|105.6|81.51|126,4,1,0|time|15|-1|1|15|0|5.98|false|false|english|none|normal|false|false|false||1650146442000
625b3c733b23f17a323931d3||103.13|95.71|111.93|83.56|129,4,1,0|time|15|-1|1|15.01|0|14.35|false|false|english|none|normal|false|false|false||1650146419000
625b3c553b23f17a32352e05||112.72|98.61|115.12|87.5|141,2,0,0|time|15|-1|1|15.01|0|2.92|false|false|english|none|normal|false|false|false||1650146389000
625b3c3e3b23f17a323098fe||99.13|94.81|107.93|79.31|124,4,1,0|time|15|-1|11|15.01|0|45.4|false|false|english|none|normal|false|false|false||1650146366000
625b2cf93b23f17a320df0cc||119.12|100|119.12|88.11|149,0,0,0|time|15|-1|13|15.01|0|60.86|false|false|english|none|normal|false|false|false||1650142457000
625b2c993b23f17a320deecd||103.2|87.5|120.8|79.66|129,12,1,2|time|15|-1|28|15|0|133.92|false|false|english|none|normal|false|false|false||1650142361000
625b2bc73b23f17a320deb09||99.17|92.34|107.96|77.08|248,11,3,0|time|30|-1|1|30.01|0|7.89|false|false|english|none|normal|false|false|false||1650142151000
625b1d013b23f17a32eb4180||100.37|91.29|113.96|81.96|251,17,2,2|time|30|-1|1|30.01|0|21.99|false|false|english|none|normal|false|false|false||1650138369000
625b1b0a3b23f17a32e29fae||102|97.73|104.4|73.37|255,2,0,0|time|30|-1|4|30|0|35.24|false|false|english|none|normal|false|false|false||1650137866000
625b1a1a3b23f17a32e29a7e||102.98|90.05|118.18|83.78|515,39,7,1|time|60|-1|1|60.01|0|4.56|false|false|english|none|normal|false|false|false||1650137626000
625b180d3b23f17a32d9f7fa|true|106.36|96.26|110.76|79.72|532,8,2,0|time|60|-1|0|60.02|0|0|false|false|english|none|normal|false|false|false||1650137101000
6259eaf43b23f17a32f9f330||103.2|96.3|106.4|81.86|129,2,0,0|time|15|-1|5|15|0|9.04|false|false|english|none|normal|false|false|false||1650060020000
6259e2963b23f17a32e00ab9||100.73|94.24|109.53|76.87|126,4,0,0|time|15|-1|1|15.01|0|1.06|false|false|english|none|normal|false|false|false||1650057878000
6259e2823b23f17a32e00a54||102.33|95.24|116.72|79.52|128,3,0,1|time|15|-1|5|15.01|0|21.36|false|false|english|none|normal|false|false|false||1650057858000
6259e2433b23f17a32e008e7||100.73|89.33|118.32|74.18|126,9,2,0|time|15|-1|18|15.01|0|107.84|false|false|english|none|normal|false|false|false||1650057795000
6259e1b23b23f17a32e005f5||98.33|94.78|105.53|78.97|123,3,0,2|time|15|-1|3|15.01|0|40.09|false|false|english|none|normal|false|false|false||1650057650000
6259e0a43b23f17a32e000dd||92.39|94.14|103.62|74.53|255,8,0,2|custom|custom|-1|0|33.12|0|0|false|false|english|none|normal|false|false|false||1650057380000
6259e07d3b23f17a32e0003b||110.33|96.5|113.52|83.36|138,2,1,0|time|15|-1|6|15.01|0|37.56|false|false|english|none|normal|false|false|false||1650057341000
6259e0313b23f17a32d76a0f||103.13|98.48|105.53|83.3|129,1,0,1|time|15|-1|8|15.01|0|29.76|false|false|english|none|normal|false|false|false||1650057265000
6259dff83b23f17a32d768f1||103.13|91.61|114.32|80.9|129,8,1,5|time|15|-1|0|15.01|0|0|false|false|english|none|normal|false|false|false||1650057208000
6259dfe73b23f17a32d768a7||95.94|94.78|106.33|77.81|120,3,1,1|time|15|-1|0|15.01|0|0|false|false|english|none|normal|false|false|false||1650057191000
6259dfd63b23f17a32d7684f||100.8|96.24|104|77.87|126,2,0,0|time|15|-1|1|15|0|12.46|false|false|english|none|normal|false|false|false||1650057174000
6259dfb63b23f17a32d767a8||97.47|89.51|114.25|87.97|122,9,3,0|time|15|-1|0|15.02|0|0|false|false|english|none|normal|false|false|false||1650057142000
6259df773b23f17a32d76654||105.53|91.78|116.72|86.23|132,9,1,0|time|15|-1|9|15.01|0|49.88|false|false|english|none|normal|false|false|false||1650057079000
6259df0e3b23f17a32d76461||103.13|91.33|119.92|77.49|129,8,1,3|time|15|-1|0|15.01|0|0|false|false|english|none|normal|false|false|false||1650056974000
625787e7523acc373059bf3c||103.2|93.71|114.4|87.97|129,7,0,1|time|15|-1|5|15|0|32.96|false|false|english|none|normal|false|false|false||1649903591000
625787af523acc373059bdc9||106.33|95.77|113.52|76.9|133,3,1,1|time|15|-1|4|15.01|0|7.2|false|false|english|none|normal|false|false|false||1649903535000
62578794523acc373059bd2e||95.94|93.89|104.73|87.83|120,5,1,1|time|15|-1|21|15.01|0|113.29|false|false|english|none|normal|false|false|false||1649903508000
625786f9523acc3730512c4d||95.2|95.45|105.6|83.3|119,4,0,1|time|15|-1|3|15|0|17.54|false|false|english|none|normal|false|false|false||1649903353000
625786d4523acc3730512b66||99.07|95.45|103.86|78.76|124,3,0,1|time|15|-1|2|15.02|0|1.86|false|false|english|none|normal|false|false|false||1649903316000
625786bf523acc3730512ad4||103.2|96.4|109.6|72.01|129,2,0,0|time|15|-1|3|15|0|3.79|false|false|english|none|normal|false|false|false||1649903295000
625786a6523acc3730512a49||104.73|99.24|104.73|78.36|131,0,0,0|time|15|-1|3|15.01|0|12.42|false|false|english|none|normal|false|false|false||1649903270000
62578685523acc373051297d||103.13|99.24|103.13|80.63|129,0,0,0|time|15|-1|2|15.01|0|2.88|false|false|english|none|normal|false|false|false||1649903237000
6257866d523acc37305128e5||102.33|91.1|116.72|91.23|128,8,2,0|time|15|-1|17|15.01|0|75.12|false|false|english|none|normal|false|false|false||1649903213000
625785f3523acc37305125e4||97.47|90|110.25|75.67|122,6,3,0|time|15|-1|1|15.02|0|2.48|false|false|english|none|normal|false|false|false||1649903091000
625785df523acc3730512556||99.13|94.78|107.13|77.07|124,4,1,1|time|15|-1|8|15.01|0|60.37|false|false|english|none|normal|false|false|false||1649903071000
62578585523acc3730512344||99.13|90.6|119.12|81.09|124,9,2,0|time|15|-1|8|15.01|0|21.52|false|false|english|none|normal|false|false|false||1649902981000
62578552523acc3730512207||96.8|89.93|111.2|85.54|121,9,2,1|time|15|-1|6|15|0|40.49|false|false|english|none|normal|false|false|false||1649902930000
6257850e523acc373051206b||105.53|97.22|115.12|78.89|132,2,0,1|time|15|-1|13|15.01|0|48.34|false|false|english|none|normal|false|false|false||1649902862000
62578005523acc37303fe9cc||111.13|98.65|118.32|80.46|139,0,0,2|time|15|-1|11|15.01|0|52.48|false|false|english|none|normal|false|false|false||1649901573000
62577fa8523acc37303fe7d5||106.33|97.24|115.92|83.25|133,3,0,0|time|15|-1|1|15.01|0|9.64|false|false|english|none|normal|false|false|false||1649901480000
62577f8c523acc37303fe725||106.12|91.89|116.49|81.18|133,7,1,0|time|15|-1|1|15.04|0|8.85|false|false|english|none|normal|false|false|false||1649901452000
6251ab78523acc373001a7ae||97.53|88.97|115.92|81.24|122,10,3,0|time|15|-1|4|15.01|0|32.78|false|false|english|none|normal|false|false|false||1649519480000
6251ab40523acc373001a62d||93.6|91.91|107.2|72.55|117,6,1,0|time|15|-1|0|15|0|0|false|false|english|none|normal|false|false|false||1649519424000
6251ab2e523acc373001a5ae||100|97.69|102.4|65.87|125,0,0,1|time|15|-1|2|15|0|10.2|false|false|english|none|normal|false|false|false||1649519406000
6251ab0f523acc373001a4df||101.53|91.95|119.12|88.69|127,7,1,1|time|15|-1|1|15.01|0|7.31|false|false|english|none|normal|false|false|false||1649519375000
6251aaf7523acc373001a44e||103.2|95.56|107.2|78.53|129,3,1,0|time|15|-1|7|15|0|31.88|false|false|english|none|normal|false|false|false||1649519351000
624fa3cd523acc3730102e76||103.93|90.26|122.32|83.52|130,10,1,0|time|15|-1|12|15.01|0|46.26|false|false|english|none|normal|false|false|false||1649386445000
624fa12a523acc373007aab6||99.57|96.6|104.37|74.5|249,3,0,0|time|30|-1|6|30.01|0|82.76|false|false|english|none|normal|false|false|false||1649385770000
624f9feb523acc373007a206||99.97|91.76|109.16|74.53|250,12,1,1|time|30|-1|1|30.01|0|18.84|false|false|english|none|normal|false|false|false||1649385451000
624f3488f6bb51345863e922||96.4|95.7|101.2|72.81|241,6,0,0|time|30|-1|2|30|0|11.02|false|false|english|none|normal|false|false|false||1649357960000
624922f8f6bb513458c48a39||96.4|93.68|113.6|74.54|241,11,0,1|time|30|-1|2|30|0|4.12|false|false|english|none|normal|false|false|false||1648960248000
624922ccf6bb513458c0a380||95.6|92.08|105.6|74.17|239,12,3,2|time|30|-1|2|30|0|26.51|false|false|english|none|normal|false|false|false||1648960204000
6249228bf6bb513458bc2f24||97.2|94.57|110|78.01|243,8,1,4|time|30|-1|1|30|0|28.33|false|false|english|none|normal|false|false|false||1648960139000
62492237f6bb513458bc2d96||96.74|93.84|109.13|75.63|242,6,2,5|time|30|-1|3|30.02|0|35.22|false|false|english|none|normal|false|false|false||1648960055000
624921edf6bb513458bc2c27||95.14|93.26|105.13|75.84|238,10,1,2|time|30|-1|7|30.02|0|51.94|false|false|english|none|normal|false|false|false||1648959981000
62492152f6bb513458bc2956||103.2|95.99|108|78.9|258,4,0,1|time|30|-1|20|30|0|229.65|false|false|english|none|normal|false|false|false||1648959826000
6244af9087747af8c82c36e9||93.17|96.86|101.97|69.66|233,4,0,3|time|30|-1|27|30.01|0|160.57|false|false|english|none|normal|false|false|false||1648668560000
6244ae9b87747af8c82c2e84||104.37|98.16|108.36|81.78|261,2,0,1|time|30|-1|21|30.01|0|111.5|false|false|english|none|normal|false|false|false||1648668315000
6244ade387747af8c82c2857||100.8|95.52|105.6|77.07|252,6,0,2|time|30|-1|6|30|0|33.82|false|false|english|none|normal|false|false|false||1648668131000
6244ad9787747af8c82c25a2||95.97|93.82|102.37|73.85|240,10,0,3|time|30|-1|0|30.01|0|0|false|false|english|none|normal|false|false|false||1648668055000
6244ad4687747af8c82c22e9||94.74|95.4|103.53|77.18|237,7,0,3|time|30|-1|3|30.02|0|19.43|false|false|english|none|normal|false|false|false||1648667974000
6244ad0d87747af8c82c2126||95.17|96.83|100.37|72.92|238,4,1,2|time|30|-1|15|30.01|0|112.91|false|false|english|none|normal|false|false|false||1648667917000
62421ed787747af8c817aa67||99.57|94.07|107.96|80.76|249,13,0,2|time|30|-1|8|30.01|0|65.28|false|false|english|none|normal|false|false|false||1648500439000
62421e6787747af8c817a747||99.93|94.41|113.12|76.12|250,6,3,1|time|30|-1|1|30.02|0|5.26|false|false|english|none|normal|false|false|false||1648500327000
62421df387747af8c80f6597||106.36|97.15|111.56|80.41|266,4,0,1|time|30|-1|0|30.01|0|0|false|false|english|none|normal|false|false|false||1648500211000
62421dd287747af8c80f64af||92.74|92.8|104.73|74.52|232,11,1,2|time|30|-1|5|30.02|0|76.18|false|false|english|none|normal|false|false|false||1648500178000
6238c1de45ca73123b301d0b||102.4|96.69|107.6|77.59|256,4,0,1|time|30|-1|18|30|0|97.91|false|false|english|none|normal|false|false|false||1647886814000
6238c14345ca73123b30174a||101.93|96.7|109.13|75.54|255,5,0,3|time|30|-1|0|30.02|0|0|false|false|english|none|normal|false|false|false||1647886659000
6238c12445ca73123b301618||97.97|97.34|105.16|69.02|245,5,0,0|time|30|-1|2|30.01|0|26.74|false|false|english|none|normal|false|false|false||1647886628000
6238c0e745ca73123b3013bd||102.77|98.85|102.77|71.98|257,0,0,0|time|30|-1|4|30.01|0|62.7|false|false|english|none|normal|false|false|false||1647886567000
6238bfe545ca73123b27ed7a||102.4|95.7|111.2|82.63|256,6,1,2|time|30|-1|1|30|0|26.02|false|false|english|none|normal|false|false|false||1647886309000
6238bfa945ca73123b27eb02||98.37|95.49|104.37|80.96|246,4,1,0|time|30|-1|0|30.01|0|0|false|false|english|none|normal|false|false|false||1647886249000
6238bf8845ca73123b27e9b2||95.17|95.42|102.77|80.4|238,5,0,3|time|30|-1|3|30.01|0|51.1|false|false|english|none|normal|false|false|false||1647886216000
6238be9b45ca73123b27e071|true|108.76|95.59|117.56|84.01|272,8,0,1|time|30|-1|0|30.01|0|0|false|false|english|none|normal|false|false|false||1647885979000
6232ca98466c3626a5c0d7e5||118.79|100|118.79|86.46|49,0,0,0|words|10|-1|12|4.95|0|16.87|false|false|english|none|normal|false|false|false||1647495832000
6232c787466c3626a5c0c608||98.91|95.45|105.45|77.2|121,2,0,0|words|25|-1|2|14.68|0|15.39|false|false|english|none|normal|false|false|false||1647495047000
6232c763466c3626a5bd0499||98.2|96.09|106.52|77.41|118,3,0,2|words|25|-1|3|14.42|0|16.04|false|false|english|none|normal|false|false|false||1647495011000
6232c6e7466c3626a5b8bbb5||90.22|96.35|100.49|78.95|123,3,0,1|words|25|-1|11|16.36|0|53.5|false|false|english|none|normal|false|false|false||1647494887000
6232c656466c3626a5b8b891||97.52|96|103.31|77.8|118,3,0,0|words|25|-1|10|14.52|0|54.65|false|false|english|none|normal|false|false|false||1647494742000
6232c5ff466c3626a5b8b6a4||101.25|98.33|105.65|74.78|115,1,0,0|words|25|-1|6|13.63|0|16.59|false|false|english|none|normal|false|false|false||1647494655000
6232c5d6466c3626a5b8b5c7||111.1|100|111.1|75.81|131,0,0,0|words|25|-1|0|14.15|0|0|false|false|english|none|normal|false|false|false||1647494614000
6232c5c6466c3626a5b8b560||105.81|99.21|105.81|74.17|126,0,0,0|words|25|-1|6|14.29|0|21.65|false|false|english|none|normal|false|false|false||1647494598000
6232c599466c3626a5b8b442||91.37|96.21|99.75|73.41|120,2,0,0|words|25|-1|3|15.76|0|21.95|false|false|english|none|normal|false|false|false||1647494553000
6232c567466c3626a5b8b31c||98.78|95.62|103.41|71.4|128,1,1,0|words|25|-1|8|15.55|0|33.95|false|false|english|none|normal|false|false|false||1647494503000
6232c529466c3626a5b8b1db||93.23|93.5|103.49|68.45|109,3,1,0|words|25|-1|4|14.03|0|8.16|false|false|english|none|normal|false|false|false||1647494441000
6232c461466c3626a5b8ad68||86.46|95.28|93.91|64.41|116,2,1,1|words|25|-1|11|16.1|0|78.44|false|false|english|none|normal|false|false|false||1647494241000
6232c3e1466c3626a5b4e9f3||85.19|92.54|98.52|67.19|115,6,0,2|words|25|-1|0|16.2|0|0|false|false|english|none|normal|false|false|false||1647494113000
6232c3ce466c3626a5b4e98a||89.95|97.06|95.66|76.91|126,1,0,1|words|25|-1|3|16.81|0|31.97|false|false|english|none|normal|false|false|false||1647494094000
6232c397466c3626a5b0a1f4||103.95|100|103.95|84.19|138,0,0,0|words|25|-1|7|15.93|0|26.6|false|false|english|none|normal|false|false|false||1647494039000
6232c360466c3626a5b0a097||99.04|94.74|108.94|76.39|120,4,0,2|words|25|-1|10|14.54|0|57.51|false|false|english|none|normal|false|false|false||1647493984000
6232c294466c3626a5b09bd0||108.28|100|108.28|85.81|133,0,0,0|words|25|-1|7|14.74|0|47.06|false|false|english|none|normal|false|false|false||1647493780000
6232c248466c3626a5b099f1||108.6|98.37|111.31|70.77|120,1,0,0|words|25|-1|4|13.26|0|24.24|false|false|english|none|normal|false|false|false||1647493704000
6232c21d466c3626a5b098e1||99.66|95.42|104.52|76.18|123,4,0,0|words|25|-1|0|14.81|0|0|false|false|english|none|normal|false|false|false||1647493661000
6232c20d466c3626a5b0987a||102.09|96|107.28|78.64|118,3,0,0|words|25|-1|1|13.87|0|2.37|false|false|english|none|normal|false|false|false||1647493645000
6232c1f7466c3626a5b097f1||101.12|95.08|108.28|77.29|113,2,1,1|words|25|-1|5|13.41|0|30.85|false|false|english|none|normal|false|false|false||1647493623000
6232c1bd466c3626a5b09679||103.96|94.78|108.87|76.35|127,4,1,0|words|25|-1|1|14.66|0|4.52|false|false|english|none|normal|false|false|false||1647493565000
6232c1a2466c3626a5b095e3||113.19|99.25|113.19|75.32|133,0,0,0|words|25|-1|7|14.1|0|52.46|false|false|english|none|normal|false|false|false||1647493538000
6232c154466c3626a5b09428||107.85|97.84|111.87|82.17|134,2,0,0|words|25|-1|2|14.91|0|9.47|false|false|english|none|normal|false|false|false||1647493460000
6232c137466c3626a5b09391||98.08|95.2|102.2|83.22|119,4,0,1|words|25|-1|1|14.56|0|2.67|false|false|english|none|normal|false|false|false||1647493431000
6232c123466c3626a5b09320||102.83|97.6|107.19|79.06|118,0,0,1|words|25|-1|1|13.77|0|0.2|false|false|english|none|normal|false|false|false||1647493411000
6232c112466c3626a5b092be||102.95|95.62|112.83|79.28|125,4,0,1|words|25|-1|0|14.57|0|0|false|false|english|none|normal|false|false|false||1647493393000
6232c100466c3626a5b09263||108.7|98.5|112.95|69.78|128,1,0,0|words|25|-1|4|14.13|0|25.24|false|false|english|none|normal|false|false|false||1647493376000
6232c031466c3626a5a886d5||110.54|98.58|110.54|71.29|139,0,0,0|words|25|-1|6|15.09|0|31.51|false|false|english|none|normal|false|false|false||1647493169000
6232bfef466c3626a5a8853f||103.45|97.74|105.04|68.83|130,1,0,1|words|25|-1|6|15.08|0|38.79|false|false|english|none|normal|false|false|false||1647493103000
6232bfb0466c3626a5a883c7||106.03|97.71|109.4|73.73|126,1,0,1|words|25|-1|2|14.26|0|9.6|false|false|english|none|normal|false|false|false||1647493040000
623215fdfc548fa01c49e01f||88.92|94.07|99.38|62.99|119,3,0,1|words|25|-1|2|16.06|0|13.23|false|false|english|none|normal|false|false|false||1647449597000
623215dcfc548fa01c49de9b||100.2|96.88|103.46|76.62|123,2,0,1|words|25|-1|1|14.73|0|2.13|false|false|english|none|normal|false|false|false||1647449564000
623215c8fc548fa01c49ddb6||112.61|100|112.61|87.48|131,0,0,0|words|25|-1|3|13.96|0|7.75|false|false|english|none|normal|false|false|false||1647449544000
623215adfc548fa01c49dc9f||100.92|96.09|107.7|71.99|119,1,1,1|words|25|-1|3|14.15|0|24.17|false|false|english|none|normal|false|false|false||1647449517000
62300d2210b1e15768aa70a6||98.3|94.05|103.4|68.87|77,0,1,0|quote|248|0|2|9.4|0|7.3|false|false|english|none|normal|false|false|false||1647316258000
62300d0d10b1e15768aa7023||108.06|98.7|108.06|76.55|76,0,0,0|quote|2597|0|1|8.44|0|1.91|false|false|english|none|normal|false|false|false||1647316237000
62300d0010b1e15768aa6fc3||94.6|91.94|108.61|87.3|54,4,0,0|quote|5667|0|4|6.85|0|9.32|false|false|english|none|normal|false|false|false||1647316224000
62300ce510b1e15768aa6ef4||117.78|96.05|129.73|60.99|69,2,0,0|quote|5|0|3|7.03|0|7.39|false|false|english|none|normal|false|false|false||1647316198000
62300cb410b1e15768aa6d8c||95.56|96.83|95.56|64.41|61,0,0,0|quote|5580|0|0|7.66|0|0|false|false|english|none|normal|false|false|false||1647316149000
62300cab10b1e15768aa6d4a||109.64|98.65|109.64|71.53|73,0,0,0|quote|5031|0|0|7.99|0|0|false|false|english|none|normal|false|false|false||1647316139000
62300c9f10b1e15768aa6d02||99.2|96.77|111.16|61.82|83,2,0,0|quote|62|0|15|10.04|0|51.78|false|false|english|none|normal|false|false|false||1647316128000
62300c4610b1e15768aa6a87||105.37|100|105.37|65.74|67,0,0,0|quote|5571|0|2|7.63|0|10.12|false|false|english|none|normal|false|false|false||1647316038000
62300c2e10b1e15768aa69df||114.6|100|114.6|62.93|87,0,0,0|quote|50|0|5|9.11|0|24.66|false|false|english|none|normal|false|false|false||1647316015000
62300c0210b1e15768aa6882||110.23|98.15|110.23|69.91|53,0,0,0|quote|5192|0|1|5.77|0|1.35|false|false|english|none|normal|false|false|false||1647315970000
62300bf710b1e15768aa6842||130.12|100|130.12|81.97|63,0,0,0|quote|21|0|6|5.81|0|26.65|false|false|english|none|normal|false|false|false||1647315960000
622fac91fe18a01d428d6fa9||104.8|94.74|112.18|66.46|71,3,0,1|quote|2012|0|11|8.13|0|55.9|false|false|english|none|normal|false|false|false||1647291538000
622fac3bfe18a01d428d6d5b||93.66|96.39|93.66|62.8|80,0,0,0|quote|5244|0|1|10.25|0|2.4|false|false|english|none|normal|false|false|false||1647291451000
622fac2bfe18a01d428d6cef||93.81|98.15|93.81|64.87|53,0,0,0|quote|89|0|1|6.78|0|6.55|false|false|english|none|normal|false|false|false||1647291436000
622fac17fe18a01d428d6c62||107.01|100|107.01|73.35|70,0,0,0|quote|251|0|25|7.85|0|102.56|false|false|english|none|normal|false|false|false||1647291415000
622fab44fe18a01d428d66a8||97.43|99.19|97.43|66.02|123,0,0,0|words|25|-1|6|15.15|0|35.4|false|false|english|none|normal|false|false|false||1647291204000
622faaf1fe18a01d428d646f||100.7|95|110.96|82.92|108,3,0,0|words|25|-1|35|12.87|0|199.27|false|false|english|none|normal|false|false|false||1647291122000
622fa8e9fe18a01d42855c01||106.92|97.66|113.11|85.18|121,2,0,0|words|25|-1|8|13.58|0|37.94|false|false|english|none|normal|false|false|false||1647290601000
622fa895fe18a01d4285598b||105.53|96.9|109.79|76.44|124,3,0,1|words|25|-1|3|14.1|0|11.66|false|false|english|none|normal|false|false|false||1647290517000
622fa873fe18a01d4285588e||91.25|95.89|96.05|66.9|133,0,0,1|words|25|-1|6|17.49|0|19.11|false|false|english|none|normal|false|false|false||1647290483000
622fa833fe18a01d428556ab||95.93|96.85|110.76|80.7|110,0,1,2|words|25|-1|14|13.76|0|72.76|false|false|english|none|normal|false|false|false||1647290420000
622fa767fe18a01d42855070||94.91|97.73|94.91|71.19|129,0,0,0|words|25|-1|12|16.31|0|68.38|false|false|english|none|normal|false|false|false||1647290216000
622fa543fe18a01d427d4647||104.68|100|104.68|76.13|125,0,0,0|words|25|-1|13|14.33|0|60.13|false|false|english|none|normal|false|false|false||1647289668000
622fa4d4fe18a01d427d4307||108.2|100|108.2|81.38|122,0,0,0|words|25|-1|12|13.53|0|55.6|false|false|english|none|normal|false|false|false||1647289557000
622fa458fe18a01d427d3f8a||103.66|100|103.66|81.08|132,0,0,0|words|25|-1|10|15.28|0|24.17|false|false|english|none|normal|false|false|false||1647289433000
622fa3c1fe18a01d427d3b08||108.79|100|108.79|74.49|130,0,0,0|words|25|-1|18|14.34|0|83.28|false|false|english|none|normal|false|false|false||1647289282000
622aa8eac209a58d0ea6ba9d||131.74|100|131.74|64.59|175,0,0,0|zen|zen|-1|0|15.94|0|0|false|false|english|none|normal|false|false|false||1646962923000
622aa87dc209a58d0ea6b7a2||151.59|100|151.59|62.28|191,0,0,0|zen|zen|-1|0|15.12|0|0|false|false|english|none|normal|false|false|false||1646962814000
622aa2a2c209a58d0e7f0825||99.57|93.55|110.36|81.76|249,8,3,0|time|30|-1|78|30.01|0|457.97|false|false|english|none|normal|false|false|false||1646961314000
622a9ffbc209a58d0e673feb|true|127.36|97.87|133.02|85.16|135,2,0,0|words|25|-1|4|12.72|0|4.18|false|false|english|none|normal|false|false|false||1646960635000
622a9fbbc209a58d0e673e4e||105.46|96.48|111.85|85.64|132,2,0,1|time|15|-1|4|15.02|0|13.62|false|false|english|none|normal|false|false|false||1646960572000
622a9f95c209a58d0e673d7e||110.33|94|119.92|83.67|138,6,1,0|time|15|-1|14|15.01|0|63.79|false|false|english|none|normal|false|false|false||1646960534000
622a9ed7f8567293a4696fc8||103.13|98.48|103.13|78.76|129,0,0,0|time|15|-1|5|15.01|0|25.35|false|false|english|none|normal|false|false|false||1646960344000
622a83e7f8567293a4b2fe69||109.53|99.28|109.53|84.03|137,0,0,0|time|15|-1|4|15.01|0|12.97|false|false|english|none|normal|false|false|false||1646953448000
622a83b1f8567293a4b2fd16||101.53|99.22|101.53|77.41|127,0,0,0|time|15|-1|18|15.01|0|75.14|false|false|english|none|normal|false|false|false||1646953393000
622a833cf8567293a4b2fa81||96|93.18|104|70.02|120,6,1,0|time|15|-1|24|15|0|81.9|false|false|english|none|normal|false|false|false||1646953276000
622a82b6f8567293a4ab1007||103.13|96.43|111.93|81.79|129,3,0,1|time|15|-1|2|15.01|0|20.1|false|false|english|none|normal|false|false|false||1646953143000
6226d8e3b75ef5d1e0d88da7|true|120.72|100|120.72|84.84|151,0,0,0|time|15|-1|1|15.01|0|0.99|false|false|english|none|normal|false|false|false||1646713060000
6226d8d1b75ef5d1e0d88d1d||97.53|96.99|106.33|84.12|122,2,0,1|time|15|-1|29|15.01|0|134.3|false|false|english|none|normal|false|false|false||1646713042000
6226d813b75ef5d1e0d0b1e2||94.34|97.54|94.34|69.27|118,0,0,0|time|15|-1|26|15.01|0|74.63|false|false|english|none|normal|false|false|false||1646712852000
6226d78db75ef5d1e0d0adac||108.66|97.87|111.85|84.08|136,1,0,1|time|15|-1|5|15.02|0|14.62|false|false|english|none|normal|false|false|false||1646712717000
6226d767b75ef5d1e0d0ac7c||111.93|98.61|115.12|88.09|140,1,0,1|time|15|-1|14|15.01|0|48.74|false|false|english|none|normal|false|false|false||1646712680000
6223c469be7cd1cc65ac1ed1||104|97.18|113.6|80.77|130,2,0,1|time|15|-1|13|15|0|52.9|false|false|english|none|normal|false|false|false||1646511210000
6223c412be7cd1cc65ac1d30||98.33|93.48|108.73|78.92|123,5,0,1|time|15|-1|4|15.01|0|20.08|false|false|english|none|normal|false|false|false||1646511122000
6223c3e9be7cd1cc65ac1c66||94.4|96.18|104|74.41|118,2,0,1|time|15|-1|4|15|0|18.25|false|false|english|none|normal|false|false|false||1646511082000
6223c3c1be7cd1cc65ac1bb8||103.13|97.73|103.13|75.04|129,0,0,0|time|15|-1|33|15.01|0|170.06|false|false|english|none|normal|false|false|false||1646511042000
6223c1c2be7cd1cc659c7b91||121.77|95.16|137.27|70.09|55,2,0,0|words|10|-1|2|5.42|0|6.97|false|false|english|none|normal|false|false|false||1646510530000
6223c1b1be7cd1cc659c7b46||107.6|94.12|119.3|62.97|46,2,0,2|words|10|-1|4|5.13|0|4.24|false|false|english|none|normal|false|false|false||1646510514000
6223c1a1be7cd1cc659c7ae5||91.89|84.09|116.22|59.75|34,4,0,3|words|10|-1|1|4.44|0|4.04|false|false|english|none|normal|false|false|false||1646510498000
6223c195be7cd1cc659c7aa2||95.53|93.62|109.51|65.11|41,2,0,0|words|10|-1|1|5.15|0|3.19|false|false|english|none|normal|false|false|false||1646510485000
6223c189be7cd1cc659c7a66||107.63|94.34|121.37|71.95|47,1,1,0|words|10|-1|12|5.24|0|39.98|false|false|english|none|normal|false|false|false||1646510474000
6223c14bbe7cd1cc659c792b||122.76|92.45|132.78|82.5|49,3,0,0|words|10|-1|6|4.79|0|16.41|false|false|english|none|normal|false|false|false||1646510411000
6223c12ebe7cd1cc6594ad83||111.01|97.96|129.52|79.19|42,0,0,1|words|10|-1|4|4.54|0|10.86|false|false|english|none|normal|false|false|false||1646510382000
6223c117be7cd1cc6594ad0f||117.55|100|117.55|84.41|48,0,0,0|words|10|-1|4|4.9|0|10.37|false|false|english|none|normal|false|false|false||1646510359000
6223c102be7cd1cc6594ac9e||120.95|94.64|132.81|54.32|51,2,0,0|words|10|-1|4|5.06|0|12.56|false|false|english|none|normal|false|false|false||1646510338000
6223c0e9be7cd1cc6594ac1b||120.82|100|120.82|71.8|44,0,0,0|words|10|-1|0|4.37|0|0|false|false|english|none|normal|false|false|false||1646510314000
6223c0e2be7cd1cc6594abf5||112.15|98.18|123.36|63.06|50,0,0,1|words|10|-1|0|5.35|0|0|false|false|english|none|normal|false|false|false||1646510307000
6223c0dbbe7cd1cc6594abc7||102.23|93.75|116.84|89.38|42,2,0,0|words|10|-1|1|4.93|0|0.81|false|false|english|none|normal|false|false|false||1646510300000
6223c0d3be7cd1cc6594ab92||106.61|93.62|128.47|60.44|39,2,0,0|words|10|-1|6|4.39|0|14.7|false|false|english|none|normal|false|false|false||1646510291000
6223c089be7cd1cc6594a9de||108.07|100|108.07|71.13|48,0,0,0|words|10|-1|17|5.33|0|36.04|false|false|english|none|normal|false|false|false||1646510217000
6223bfaebe7cd1cc658cd9cd||103.8|97.62|112.75|71.83|116,1,1,0|words|25|-1|19|13.41|0|85.32|false|false|english|none|normal|false|false|false||1646509998000
6223bf31be7cd1cc658cd714||110.35|99.22|110.35|83.03|127,0,0,0|words|25|-1|7|13.81|0|43.95|false|false|english|none|normal|false|false|false||1646509873000
6223beedbe7cd1cc65892f62||107.17|94.7|115.96|88.17|122,4,1,1|words|25|-1|9|13.66|0|38.03|false|false|english|none|normal|false|false|false||1646509806000
6223beaabe7cd1cc658508dc||104.76|99.2|108.23|82.82|121,0,0,1|words|25|-1|3|13.86|0|5.28|false|false|english|none|normal|false|false|false||1646509739000
6223be93be7cd1cc65850856||103.32|96.18|110.94|74.07|122,3,0,1|words|25|-1|1|14.17|0|2.66|false|false|english|none|normal|false|false|false||1646509715000
6223be7fbe7cd1cc658507ed||100.51|96.06|109.25|78.57|115,1,1,0|words|25|-1|4|13.73|0|15.23|false|false|english|none|normal|false|false|false||1646509696000
6223be5cbe7cd1cc65850729||101.13|96.95|101.13|68.8|127,0,0,0|words|25|-1|28|15.07|0|119.22|false|false|english|none|normal|false|false|false||1646509661000
6223bc77be7cd1cc6575662e||96.83|91.34|109.8|77.77|112,8,1,0|words|25|-1|1|13.88|0|0.85|false|false|english|none|normal|false|false|false||1646509176000
6223bc65be7cd1cc657565d2||96.63|93.8|112.45|75.67|110,5,0,0|words|25|-1|7|13.66|0|34.44|false|false|english|none|normal|false|false|false||1646509158000
6223bc29be7cd1cc65756473||101.75|94.62|113.16|78.68|116,3,1,1|words|25|-1|0|13.68|0|0|false|false|english|none|normal|false|false|false||1646509097000
6223bc19be7cd1cc6575640f||104.83|96.9|109.94|74.24|123,3,0,1|words|25|-1|0|14.08|0|0|false|false|english|none|normal|false|false|false||1646509081000
6223bc09be7cd1cc657563bf||104.88|97.87|104.88|75.52|138,0,0,0|words|25|-1|1|15.79|0|1.42|false|false|english|none|normal|false|false|false||1646509065000
6223bbf3be7cd1cc6575635a||113.14|94.12|126.12|83.39|122,5,1,0|words|25|-1|2|12.94|0|4.74|false|false|english|none|normal|false|false|false||1646509044000
6223b901be7cd1cc65621711||94|95.77|103.6|70.46|235,6,0,1|time|30|-1|6|30|0|71.5|false|false|english|none|normal|false|false|false||1646508289000
6223b890be7cd1cc655def87||95.57|93.85|102.37|73.63|239,9,0,1|time|30|-1|1|30.01|0|21.82|false|false|english|none|normal|false|false|false||1646508177000
6223b857be7cd1cc655dee55||92.37|94.59|101.97|73|231,5,2,2|time|30|-1|0|30.01|0|0|false|false|english|none|normal|false|false|false||1646508120000
6223b837be7cd1cc655ded92||94.37|93.58|105.96|77.34|236,11,1,2|time|30|-1|2|30.01|0|17.11|false|false|english|none|normal|false|false|false||1646508087000
6223b754be7cd1cc65561db9||104.37|98.18|109.56|84.07|261,2,1,1|time|30|-1|2|30.01|0|41.89|false|false|english|none|normal|false|false|false||1646507861000
6223b6c7be7cd1cc65561aa3||99.57|96.32|108.76|78.89|249,6,0,3|time|30|-1|1|30.01|0|6.36|false|false|english|none|normal|false|false|false||1646507720000
6223b69dbe7cd1cc654e4eb7||87.97|94.96|91.17|65.73|220,2,0,0|time|30|-1|4|30.01|0|28.54|false|false|english|none|normal|false|false|false||1646507677000
6223b658be7cd1cc654e4d43||98.37|90.49|110.76|75.8|246,15,1,2|time|30|-1|2|30.01|0|14.57|false|false|english|none|normal|false|false|false||1646507609000
6223b576be7cd1cc65467dab||96|96.09|100.4|74.37|240,4,0,2|time|30|-1|3|30|0|13.32|false|false|english|none|normal|false|false|false||1646507383000
6223b545be7cd1cc65467c8c||97.17|93.94|102.37|70.17|243,7,0,1|time|30|-1|2|30.01|0|33.12|false|false|english|none|normal|false|false|false||1646507333000
6223b4f4be7cd1cc65467aaa||94.74|92.99|108.33|79.89|237,12,1,1|time|30|-1|1|30.02|0|1.28|false|false|english|none|normal|false|false|false||1646507253000
6223b4d2be7cd1cc654679e7||93.54|92.4|104.33|75.59|234,13,0,3|time|30|-1|2|30.02|0|4.83|false|false|english|none|normal|false|false|false||1646507218000
6222c9a02a00db9659fd6c65||88.19|90.37|111.26|79.31|107,8,1,0|words|25|-1|6|14.56|0|22.32|false|false|english|none|normal|false|false|false||1646447008000
6222c9712a00db9659fd6b96||107.87|97.04|112.06|76.34|129,2,0,1|words|25|-1|5|14.35|0|9.19|false|false|english|none|normal|false|false|false||1646446962000
6222c9512a00db9659fd6af5||102.35|96.32|107.99|83.66|127,2,0,0|words|25|-1|3|14.89|0|15.87|false|false|english|none|normal|false|false|false||1646446930000
6222c92e2a00db9659fd6a37||87.21|86.13|109.02|73.52|108,12,1,4|words|25|-1|2|14.86|0|8.15|false|false|english|none|normal|false|false|false||1646446894000
6222c9122a00db9659fd69ba||92.57|90.7|108.56|74.95|110,8,1,0|words|25|-1|2|14.26|0|5.56|false|false|english|none|normal|false|false|false||1646446867000
6222c8e02a00db9659f9c3e6||97.52|94.57|105.79|75.68|118,4,0,1|words|25|-1|13|14.52|0|49.06|false|false|english|none|normal|false|false|false||1646446816000
6222c8872a00db9659f59ea5||93.62|97.78|93.62|73.61|44,0,0,0|quote|5574|0|3|5.64|0|9.06|false|false|english|none|normal|false|false|false||1646446728000
6222c86f2a00db9659f59e1b||101.23|98.8|101.23|79.8|82,0,0,0|quote|4037|0|2|9.72|0|5.31|false|false|english|none|normal|false|false|false||1646446703000
6222c85b2a00db9659f59db4||77.81|87.84|88.75|74.94|64,6,1,0|quote|5629|0|8|9.87|0|24.73|false|false|english|none|normal|false|false|false||1646446683000
6222c82c2a00db9659f59cb3||81.87|93.59|90.06|56.49|70,2,1,0|quote|4532|0|0|10.26|0|0|false|false|english|none|normal|false|false|false||1646446637000
6222c81f2a00db9659f59c66||94.88|97.78|94.88|67.12|88,0,0,0|quote|3416|0|0|11.13|0|0|false|false|english|none|normal|false|false|false||1646446624000
6222c8112a00db9659f59c09||106.67|97.56|106.67|77.09|80,0,0,0|quote|248|0|1|9|1|8.94|false|false|english|none|normal|false|false|false||1646446609000
6222c7a52a00db9659f1f522|true|151.72|100|151.72|68.78|42,0,0,0|custom|custom|-1|2|3.322|0|3.45|false|false|english|none|normal|false|false|false||1646446502000
6222c79c2a00db9659f1f4f5||125.04|95.24|145.88|74.36|36,1,0,0|custom|custom|-1|0|3.455|0|0|false|false|english|none|normal|false|false|false||1646446492000
6222c7882a00db9659edd10c||131.35|95.24|153.24|68.78|36,1,0,0|custom|custom|-1|1|3.289|0|1.45|false|false|english|none|normal|false|false|false||1646446472000
6222c77c2a00db9659edd0d1||124.17|100|124.17|55.76|42,0,0,0|custom|custom|-1|1|4.059|0|0.03|false|false|english|none|normal|false|false|false||1646446460000
6222c76a2a00db9659edd06f||131.28|100|131.28|91.75|42,0,0,0|custom|custom|-1|15|3.839|0|28.8|false|false|english|none|normal|false|false|false||1646446443000
622282b930998782559589d6||87.61|83.08|124.59|53.4|45,4,2,0|custom|custom|-1|0|6.164|0|0|false|false|english|none|normal|false|false|false||1646428858000
622282b130998782559589a1||130.27|95.16|155.32|85.04|52,2,0,0|custom|custom|-1|0|4.79|0|0|false|false|english|none|normal|false|false|false||1646428850000
622282aa309987825595896e||90.64|91.8|106.33|48.55|52,4,0,1|custom|custom|-1|7|6.884|0|9.98|false|false|english|none|normal|false|false|false||1646428843000
62228276309987825591e3bc||138.2|91.8|150.99|76.59|54,2,0,0|custom|custom|-1|0|4.689|0|0|false|false|english|none|normal|false|false|false||1646428791000
6222824830998782558dbf97|true|147|100|147|85.58|46,0,0,0|custom|custom|-1|0|3.755|0|0|false|false|english|none|normal|false|false|false||1646428745000
6222824330998782558dbf6e|true|101.92|100|101.92|51.48|46,0,0,0|custom|custom|-1|11|5.416|0|24.25|false|false|english|none|normal|false|false|false||1646428739000
62228091309987825585ec8c||92.77|89.22|105.56|74.49|232,15,3,3|time|30|-1|25|30.01|0|166.76|false|false|english|none|normal|false|false|false||1646428306000
62227f9530998782557e1dea||108.38|98.43|108.38|74.5|125,0,0,0|words|25|-1|15|13.84|0|74.6|false|false|english|none|normal|false|false|false||1646428053000
622020ae64b2b0ab88bba82e||93.44|94.35|100.82|77.71|114,4,0,2|words|25|-1|12|14.64|0|47.26|false|false|english|none|normal|false|false|false||1646272686000
6220205164b2b0ab88bba5f9||91.77|96.18|97.99|66.22|118,0,0,1|words|25|-1|8|15.43|0|46.28|false|false|english|none|normal|false|false|false||1646272593000
62201feb64b2b0ab88b80388||96.93|98.47|96.93|71.29|129,0,0,0|words|25|-1|7|15.97|0|42.33|false|false|english|none|normal|false|false|false||1646272492000
62201f9264b2b0ab88b3e470||100.15|95.31|114.46|79.39|112,3,0,2|words|25|-1|0|13.42|0|0|false|false|english|none|normal|false|false|false||1646272402000
62201f8264b2b0ab88b3e411||100.07|96.06|111.49|85.89|114,3,0,0|words|25|-1|1|13.67|0|9.03|false|false|english|none|normal|false|false|false||1646272387000
62201f4c64b2b0ab88b3e2b1||116.13|100|116.13|69.06|51,0,0,0|words|10|-1|1|5.27|0|0.71|false|false|english|none|normal|false|false|false||1646272333000
62201f4164b2b0ab88b3e26c||96.38|98.08|96.38|57.55|51,0,0,0|words|10|-1|0|6.35|0|0|false|false|english|none|normal|false|false|false||1646272322000
62201f3a64b2b0ab88b3e239||102.41|95.83|102.41|66.93|46,0,0,0|words|10|-1|4|5.39|0|15.18|false|false|english|none|normal|false|false|false||1646272314000
62201f1c64b2b0ab88b3e17e||123.44|100|123.44|52.64|43,0,0,0|words|10|-1|0|4.18|0|0|false|false|english|none|normal|false|false|false||1646272284000
62201f1664b2b0ab88b3e14c||104.45|94|121.46|84.51|43,2,0,0|words|10|-1|2|4.94|0|6.42|false|false|english|none|normal|false|false|false||1646272278000
62201f0664b2b0ab88b3e0dd||120|100|120|85.57|47,0,0,0|words|10|-1|2|4.7|0|7.06|false|false|english|none|normal|false|false|false||1646272263000
62201ef564b2b0ab88b3e075||116.56|100|116.56|77.97|44,0,0,0|words|10|-1|0|4.53|0|0|false|false|english|none|normal|false|false|false||1646272246000
62201ee064b2b0ab88b3dff2||100.88|94.74|119.79|83.08|48,2,0,0|words|10|-1|1|5.71|0|6.26|false|false|english|none|normal|false|false|false||1646272225000
62201ed264b2b0ab88b3dfa2||105.76|98.11|105.76|72.72|52,0,0,0|words|10|-1|4|5.9|0|10.51|false|false|english|none|normal|false|false|false||1646272210000
62201ebb64b2b0ab88b03f3c||120|100|120|78.92|45,0,0,0|words|10|-1|5|4.5|0|15.35|false|false|english|none|normal|false|false|false||1646272187000
62201e9f64b2b0ab88ac21ff||113.16|94.23|122.59|60.24|48,2,0,0|words|10|-1|0|5.09|0|0|false|false|english|none|normal|false|false|false||1646272160000
62201e9964b2b0ab88ac21d1||107.5|93.48|115|82.61|43,2,0,0|words|10|-1|4|4.8|0|15.61|false|false|english|none|normal|false|false|false||1646272153000
62201e6064b2b0ab88ac2030||94.45|91.38|124.51|77.92|44,3,0,1|words|10|-1|2|5.59|0|6.4|false|false|english|none|normal|false|false|false||1646272096000
62201e4f64b2b0ab88ac1fbf||117.29|92.86|126.32|80.37|39,2,0,0|words|10|-1|2|3.99|0|8.22|false|false|english|none|normal|false|false|false||1646272080000
62201e3e64b2b0ab88ac1f31||117.84|100|117.84|92.36|49,0,0,0|words|10|-1|5|4.99|0|15.2|false|false|english|none|normal|false|false|false||1646272063000
62201e1264b2b0ab88ac1df5||103.85|96.08|117.69|69.82|45,0,1,0|words|10|-1|0|5.2|0|0|false|false|english|none|normal|false|false|false||1646272018000
62201e0b64b2b0ab88ac1db4||98.11|97.67|108.18|74.95|39,0,0,1|words|10|-1|2|4.77|0|4.3|false|false|english|none|normal|false|false|false||1646272011000
62201dfe64b2b0ab88ac1d54||128.57|100|128.57|59.05|45,0,0,0|words|10|-1|8|4.2|0|27.68|false|false|english|none|normal|false|false|false||1646271998000
62201dce64b2b0ab88ac1c01||119.54|100|119.54|66.26|52,0,0,0|words|10|-1|4|5.22|0|10.16|false|false|english|none|normal|false|false|false||1646271951000
62201db864b2b0ab88ac1b48||100.97|100|100.97|66.37|52,0,0,0|words|10|-1|0|6.18|0|0|false|false|english|none|normal|false|false|false||1646271928000
62201db064b2b0ab88ac1b13||108.87|100|108.87|78.92|45,0,0,0|words|10|-1|1|4.96|0|1.93|false|false|english|none|normal|false|false|false||1646271920000
62201da764b2b0ab88ac1ad1||76.23|83.33|118.03|94.9|31,5,0,2|words|10|-1|6|4.88|0|30.7|false|false|english|none|normal|false|false|false||1646271911000
62201d7564b2b0ab88a45d14||99.36|97.12|105.52|74.03|129,1,0,0|words|25|-1|3|15.58|0|6.34|false|false|english|none|normal|false|false|false||1646271861000
62201cec64b2b0ab88a4598e||110.34|98.71|110.34|78.43|153,0,0,0|words|25|-1|16|16.64|0|75.02|false|false|english|none|normal|false|false|false||1646271724000
62201c6e64b2b0ab88a0b66c||85.97|89.51|105.96|73.83|215,15,3,3|time|30|-1|4|30.01|0|28.88|false|false|english|none|normal|false|false|false||1646271598000
62201b4e64b2b0ab889c9269|true|107.6|96.47|113.2|84.11|269,7,1,0|time|30|-1|3|30|0|35.75|false|false|english|none|normal|false|false|false||1646271311000
62201b0564b2b0ab8894d442||93.57|90.67|105.96|75.15|234,13,3,3|time|30|-1|0|30.01|0|0|false|false|english|none|normal|false|false|false||1646271237000
621dc081fafffa230ea0af77|true|118.98|100|118.98|81.38|128,0,0,0|words|25|-1|68|12.91|0|473.49|false|false|english|none|normal|false|false|false||1646116993000
621dbdf8fafffa230e913c13||93.48|93.37|105.34|78.36|465,17,3,7|words|100|-1|7|59.69|0|89.18|false|false|english|none|normal|false|false|false||1646116345000
621dbd02fafffa230e89843c|true|95.11|96.44|98.71|70.28|502,3,1,1|words|100|-1|5|63.34|0|98.86|false|false|english|none|normal|false|false|false||1646116099000
621dbc45fafffa230e897f69|true|90.71|94.55|98.39|72.31|484,12,3,2|words|100|-1|0|64.03|0|0|false|false|english|none|normal|false|false|false||1646115909000
621dbbd3fafffa230e81caea||88.65|91.8|100.14|66.61|54,4,0,1|quote|5063|0|3|7.31|0|14.17|false|false|english|none|normal|false|false|false||1646115795000
621dbbb6fafffa230e81ca33||91.08|100|91.08|57.03|40,0,0,0|quote|5609|0|7|5.27|0|17.21|false|false|english|none|normal|false|false|false||1646115767000
621d65dcfafffa230e4dfd58||99.66|95.06|110.58|82.63|73,3,0,0|quote|3322|0|1|8.79|0|10.55|false|false|english|none|normal|false|false|false||1646093788000
621d65c6fafffa230e4dfcce||100.1|96.84|111.87|63.64|85,1,0,1|quote|288|0|0|10.19|0|0|false|false|english|none|normal|false|false|false||1646093766000
621d65b7fafffa230e4dfc7a||114.59|100|114.59|77.92|53,0,0,0|quote|5192|0|4|5.55|0|8.51|false|false|english|none|normal|false|false|false||1646093751000
621d65a1fafffa230e4dfbf3||97.23|98.65|97.23|76.52|73,0,0,0|quote|5042|0|1|9.01|1|5.75|false|false|english|none|normal|false|false|false||1646093730000
621d6590fafffa230e4dfb85||96.8|94.67|106.76|73.47|68,2,1,0|quote|1408|0|4|8.43|0|96.32|false|false|english|none|normal|false|false|false||1646093712000
621d64f8fafffa230e46474f|true|151.66|100|154.87|34.13|331,0,0,0|zen|zen|-1|1|26.19|1|11.66|false|false|english|none|normal|false|false|false||1646093560000
621d6457fafffa230e42a8ef|true|113.17|96.21|118.56|74.74|126,3,1,0|words|25|-1|3|13.36|0|9.94|false|false|english|none|normal|false|false|false||1646093399000
621d642efafffa230e3e9235|true|95.27|93.39|103.13|78.31|109,3,0,2|words|25|-1|11|13.73|0|90.81|false|false|english|none|normal|false|false|false||1646093358000
621d63b4fafffa230e3e8f79||93.43|97.39|96.72|69.13|256,2,0,1|words|50|-1|0|32.88|0|0|false|false|english|none|normal|false|false|false||1646093236000
621d6391fafffa230e3e8eb2||91.41|93.92|97.83|68.87|242,8,1,1|words|50|-1|1|31.77|0|10.52|false|false|english|none|normal|false|false|false||1646093202000
621d62b0fafffa230e36d932||99.18|96.01|107.81|78.02|253,6,1,1|words|50|-1|6|30.61|0|54.94|false|false|english|none|normal|false|false|false||1646092977000
621cc965f2d75bfbf6a91013|true|108.77|98.82|111.39|79.81|249,1,1,0|words|50|-1|50|27.47|0|276.99|false|false|english|none|normal|false|false|false||1646053733000
621cc648f2d75bfbf6999ebf||125.61|100|125.61|71.78|47,0,0,0|words|10|-1|11|4.49|0|30.77|false|false|english|none|normal|false|false|false||1646052936000
621cc617f2d75bfbf69603e5||91.79|94|111.94|79.6|41,2,0,0|words|10|-1|0|5.36|0|0|false|false|english|none|normal|false|false|false||1646052887000
621cc610f2d75bfbf691efaf||113|95.56|121.08|67.04|42,1,0,1|words|10|-1|0|4.46|0|0|false|false|english|none|normal|false|false|false||1646052880000
621cc606f2d75bfbf691ef62|true|133.89|100|133.89|90.38|53,0,0,0|words|10|-1|1|4.75|0|0.04|false|false|english|none|normal|false|false|false||1646052870000
621cc5fdf2d75bfbf691ef1d|true|84.57|88.46|118.86|72|37,3,1,2|words|10|-1|0|5.25|0|0|false|false|english|none|normal|false|false|false||1646052861000
621cc5d6f2d75bfbf691edf7|true|101.93|96.18|106.88|71.65|247,4,1,1|words|50|-1|77|29.08|0|462.96|false|false|english|none|normal|false|false|false||1646052823000
62145b75999bd5da8335beb3||92.37|94.4|97.77|77.48|462,12,1,3|time|60|-1|15|60.02|0|262.1|false|false|english|none|normal|false|false|false||1645501301000
62145990999bd5da83268a3a|true|115.05|100|115.05|87.5|144,0,0,0|time|15|-1|2|15.02|0|2.93|false|false|english|none|normal|false|false|false||1645500816000
62144e80999bd5da83e20e38||88.74|93.39|93.54|67.22|111,3,0,1|time|15|-1|0|15.01|0|0|false|false|english|none|normal|false|false|false||1645497984000
62144d75999bd5da83da73bb||103.13|94.2|107.93|81.73|129,3,1,0|time|15|-1|7|15.01|0|27.11|false|false|english|none|normal|false|false|false||1645497717000
62144d41999bd5da83da725f||100.8|93.38|107.2|78.89|126,5,1,0|time|15|-1|4|15|0|28.68|false|false|english|none|normal|false|false|false||1645497666000
62144d0e999bd5da83da70e4||107.2|99.26|107.2|80.54|134,0,0,0|time|15|-1|3|15|0|23.25|false|false|english|none|normal|false|false|false||1645497615000
62144cdd999bd5da83d2dc7c|true|107.2|98.53|107.2|81.34|134,0,0,0|time|15|-1|1|15|0|7.84|false|false|english|none|normal|false|false|false||1645497565000
62144c82999bd5da83d2da18||90.6|95.33|96.4|72.3|453,8,1,2|time|60|-1|5|60|0|61.02|false|false|english|none|normal|false|false|false||1645497475000
62144beb999bd5da83d2d622|true|96.58|91.98|105.38|74.49|483,24,2,4|time|60|-1|0|60.01|0|0|false|false|english|none|normal|false|false|false||1645497323000
6202c1710004acbd88c4a25b||84.19|93.42|91.98|68.47|421,13,1,3|time|60|-1|34|60.01|0|354.49|false|false|english|none|normal|false|false|false||1644347761000
6202bf650004acbd88b5eeb7|true|86.79|93.02|95.58|70.32|434,16,2,3|time|60|-1|9|60.01|0|177.4|false|false|english|none|normal|false|false|false||1644347237000
6202bdaf0004acbd88ae8d75|true|96.74|96.85|101.53|80.3|121,3,0,1|time|15|-1|14|15.01|0|103.55|false|false|english|none|normal|false|false|false||1644346799000
6202bcfd0004acbd88a735f6|true|93.97|98.37|97.17|82.09|235,1,0,0|time|30|-1|0|30.01|0|0|false|false|english|none|normal|false|false|false||1644346621000